email_address,first_name,last_name,course_id,grades,marks
aaron.perkins477@university.edu,Aaron,Perkins,CS108,F,54
adam.pauley241@university.edu,Adam,Pauley,CS102,F,43
adele.bobo243@university.edu,Adele,Bobo,CS104,F,31
alan.fraser101@university.edu,Alan,Fraser,CS102,C,73
alice.bradley646@university.edu,Alice,Bradley,CS107,F,30
alice.welch537@university.edu,Alice,Welch,CS108,F,36
alisa.galvez840@university.edu,Alisa,Galvez,CS101,B,84
alison.patterson813@university.edu,Alison,Patterson,CS104,A,95
allen.binder733@university.edu,Allen,Binder,CS104,A,93
alvin.crespino977@university.edu,Alvin,Crespino,CS108,F,58
amanda.davis691@university.edu,Amanda,Davis,CS102,F,13
amanda.ellison533@university.edu,Amanda,Ellison,CS104,F,52
amanda.leblond244@university.edu,Amanda,Leblond,CS105,D,63
amber.lopez908@university.edu,Amber,Lopez,CS109,D,69
amber.richardson@csu.edu,Amber,Richardson,DATA202,B,87
amelia.mills463@university.edu,Amelia,Mills,CS104,D,66
amy.galarza116@university.edu,Amy,Galarza,CS107,F,3
amy.gouge12@university.edu,Amy,Gouge,CS103,A,100
amy.hall82@university.edu,Amy,Hall,CS103,F,41
amy.mueller734@university.edu,Amy,Mueller,CS105,F,32
amy.seneker514@university.edu,Amy,Seneker,CS105,C,70
ana.hopkins532@university.edu,Ana,Hopkins,CS103,A,91
ana.simpson328@university.edu,Ana,Simpson,CS109,F,49
andre.bailey834@university.edu,Andre,Bailey,CS105,D,67
andrea.bernard86@university.edu,Andrea,Bernard,CS107,F,47
andrea.dawson355@university.edu,Andrea,Dawson,CS106,F,53
andrew.barnett836@university.edu,Andrew,Barnett,CS107,D,69
andrew.cooksey832@university.edu,Andrew,Cooksey,CS103,F,41
andrew.faulkner749@university.edu,Andrew,Faulkner,CS110,F,14
andrew.morin20@university.edu,Andrew,Morin,CS101,B,87
andrew.rice469@university.edu,Andrew,Rice,CS110,D,62
andrew.sosa389@university.edu,Andrew,Sosa,CS110,D,60
andy.gaffney752@university.edu,Andy,Gaffney,CS103,C,78
angel.freeman266@university.edu,Angel,Freeman,CS107,F,38
angel.treinen251@university.edu,Angel,Treinen,CS102,C,74
angela.morrow99@university.edu,Angela,Morrow,CS110,F,25
angelina.callahan924@university.edu,Angelina,Callahan,CS105,F,41
angeline.davis648@university.edu,Angeline,Davis,CS109,A,96
anita.colson955@university.edu,Anita,Colson,CS106,F,27
anne.betzer398@university.edu,Anne,Betzer,CS109,B,82
annie.kirschenbaum261@university.edu,Annie,Kirschenbaum,CS102,F,35
anthony.chapman278@university.edu,Anthony,Chapman,CS109,C,71
anthony.goolesby866@university.edu,Anthony,Goolesby,CS107,D,65
anthony.jones858@university.edu,Anthony,Jones,CS109,F,1
anthony.nickell513@university.edu,Anthony,Nickell,CS104,A,100
antonio.bradley803@university.edu,Antonio,Bradley,CS104,F,3
antonio.waddell230@university.edu,Antonio,Waddell,CS101,B,88
arthur.knowles348@university.edu,Arthur,Knowles,CS109,F,39
arthur.miller546@university.edu,Arthur,Miller,CS107,F,37
arthur.murphy294@university.edu,Arthur,Murphy,CS105,F,8
arthur.schneider406@university.edu,Arthur,Schneider,CS107,F,38
ashley.murdock123@university.edu,Ashley,Murdock,CS104,F,1
audrey.dieppa258@university.edu,Audrey,Dieppa,CS109,F,23
audrey.jensen984@university.edu,Audrey,Jensen,CS105,F,7
audrey.tuttle553@university.edu,Audrey,Tuttle,CS104,F,59
augustus.sedlacek794@university.edu,Augustus,Sedlacek,CS105,F,40
autumn.backstrom438@university.edu,Autumn,Backstrom,CS109,F,33
azzie.apel778@university.edu,Azzie,Apel,CS109,F,18
barbara.carter421@university.edu,Barbara,Carter,CS102,D,62
barbara.gischer802@university.edu,Barbara,Gischer,CS103,D,65
barbara.marnell88@university.edu,Barbara,Marnell,CS109,B,85
barbara.smith792@university.edu,Barbara,Smith,CS103,F,47
beatrice.korth367@university.edu,Beatrice,Korth,CS108,D,64
beatrice.sandoval365@university.edu,Beatrice,Sandoval,CS106,F,48
belinda.dowdy925@university.edu,Belinda,Dowdy,CS106,F,46
belva.sanborn678@university.edu,Belva,Sanborn,CS109,C,71
benjamin.deleon49@university.edu,Benjamin,Deleon,CS110,F,39
benjamin.entrekin849@university.edu,Benjamin,Entrekin,CS110,D,65
benjamin.longley26@university.edu,Benjamin,Longley,CS107,F,28
benjamin.mcabee974@university.edu,Benjamin,Mcabee,CS105,B,83
bernard.ulrich292@university.edu,Bernard,Ulrich,CS103,F,58
bernice.brown720@university.edu,Bernice,Brown,CS101,C,74
bernice.lowe312@university.edu,Bernice,Lowe,CS103,B,80
berry.houge490@university.edu,Berry,Houge,CS101,A,99
bethany.deacy239@university.edu,Bethany,Deacy,CS110,F,26
betty.buie704@university.edu,Betty,Buie,CS105,F,40
betty.ferguson944@university.edu,Betty,Ferguson,CS105,F,27
billie.gutierrez273@university.edu,Billie,Gutierrez,CS104,D,64
blair.gelsinger422@university.edu,Blair,Gelsinger,CS103,A,90
blanche.wilkins910@university.edu,Blanche,Wilkins,CS101,D,61
bob.smith336@university.edu,Bob,Smith,CS107,B,83
bonnie.miller987@university.edu,Bonnie,Miller,CS108,F,54
bradley.francescone567@university.edu,Bradley,Francescone,CS108,B,85
bradley.strange968@university.edu,Bradley,Strange,CS109,D,60
brandy.bazaldua911@university.edu,Brandy,Bazaldua,CS102,F,55
brenda.johnson117@university.edu,Brenda,Johnson,CS108,F,5
brent.shipton671@university.edu,Brent,Shipton,CS102,F,26
brent.snyder454@university.edu,Brent,Snyder,CS105,F,22
brian.cager867@university.edu,Brian,Cager,CS108,F,15
brian.cannon900@university.edu,Brian,Cannon,CS101,F,21
brian.farley246@university.edu,Brian,Farley,CS107,F,14
brian.farrell763@university.edu,Brian,Farrell,CS104,F,27
brian.mitani64@university.edu,Brian,Mitani,CS105,B,84
brian.purcell435@university.edu,Brian,Purcell,CS106,F,52
brian.thomson677@university.edu,Brian,Thomson,CS108,D,69
bruce.gallagher156@university.edu,Bruce,Gallagher,CS107,F,38
bruce.leary120@university.edu,Bruce,Leary,CS101,F,21
bruce.thompson433@university.edu,Bruce,Thompson,CS104,F,23
bruce.williams178@university.edu,Bruce,Williams,CS109,F,59
bryan.lairy476@university.edu,Bryan,Lairy,CS107,F,58
calvin.miller591@university.edu,Calvin,Miller,CS102,B,84
candace.lynch700@university.edu,Candace,Lynch,CS101,F,17
carl.lewis190@university.edu,Carl,Lewis,CS101,A,94
carl.lizardi697@university.edu,Carl,Lizardi,CS108,D,62
carl.shoemaker589@university.edu,Carl,Shoemaker,CS110,F,58
carlos.omar207@university.edu,Carlos,Omar,CS108,F,38
carol.johnson812@university.edu,Carol,Johnson,CS103,F,55
carol.pacheco63@university.edu,Carol,Pacheco,CS104,F,47
carol.phillips46@university.edu,Carol,Phillips,CS107,F,23
carol.santiago923@university.edu,Carol,Santiago,CS104,F,25
carole.roach506@university.edu,Carole,Roach,CS107,F,36
carolina.vanek531@university.edu,Carolina,Vanek,CS102,A,100
carolyn.bell501@university.edu,Carolyn,Bell,CS102,F,33
carrie.anderson375@university.edu,Carrie,Anderson,CS106,F,56
casey.witt173@university.edu,Casey,Witt,CS104,F,58
cassidy.fair835@university.edu,Cassidy,Fair,CS106,F,9
catherine.dietz324@university.edu,Catherine,Dietz,CS105,F,22
catherine.hickman445@university.edu,Catherine,Hickman,CS106,F,41
catherine.holm615@university.edu,Catherine,Holm,CS106,A,96
catherine.king805@university.edu,Catherine,King,CS106,D,65
catherine.pitts548@university.edu,Catherine,Pitts,CS109,F,16
cathryn.robinson360@university.edu,Cathryn,Robinson,CS101,F,54
catrina.aronoff163@university.edu,Catrina,Aronoff,CS104,C,75
celia.flickinger523@university.edu,Celia,Flickinger,CS104,A,98
celinda.mackenzie540@university.edu,Celinda,Mackenzie,CS101,F,47
chantal.harness210@university.edu,Chantal,Harness,CS101,F,15
charlene.weimar640@university.edu,Charlene,Weimar,CS101,D,60
charles.frampton291@university.edu,Charles,Frampton,CS102,D,67
charles.hill780@university.edu,Charles,Hill,CS101,B,83
charles.meeks827@university.edu,Charles,Meeks,CS108,F,45
charles.oglesbee81@university.edu,Charles,Oglesbee,CS102,F,51
charles.stahlman715@university.edu,Charles,Stahlman,CS106,F,3
charles.weekley35@university.edu,Charles,Weekley,CS106,A,99
charlie.bird730@university.edu,Charlie,Bird,CS101,F,0
chelsea.taque565@university.edu,Chelsea,Taque,CS106,F,35
chris.rizvi643@university.edu,Chris,Rizvi,CS104,F,12
christian.hill74@university.edu,Christian,Hill,CS105,A,97
christina.hall620@university.edu,Christina,Hall,CS101,C,77
christine.delossantos124@university.edu,Christine,Delossantos,CS105,F,33
christine.highsmith893@university.edu,Christine,Highsmith,CS104,F,12
christine.lindsay786@university.edu,Christine,Lindsay,CS107,A,93
christine.moffett998@university.edu,Christine,Moffett,CS109,C,75
christine.pineda610@university.edu,Christine,Pineda,CS101,F,20
christopher.cox846@university.edu,Christopher,Cox,CS107,F,58
christopher.joyce3@university.edu,Christopher,Joyce,CS104,F,15
christopher.martin51@university.edu,Christopher,Martin,CS102,F,51
christopher.posey121@university.edu,Christopher,Posey,CS102,F,31
christopher.wilkerson969@university.edu,Christopher,Wilkerson,CS110,F,43
christy.seeley557@university.edu,Christy,Seeley,CS108,F,8
cindy.najera187@university.edu,Cindy,Najera,CS108,A,91
cindy.stevens707@university.edu,Cindy,Stevens,CS108,F,41
clara.green971@university.edu,Clara,Green,CS102,F,26
clarence.battles208@university.edu,Clarence,Battles,CS109,F,17
clarence.morris976@university.edu,Clarence,Morris,CS107,F,14
clarence.taylor685@university.edu,Clarence,Taylor,CS106,F,21
clark.henry815@university.edu,Clark,Henry,CS106,C,73
claudia.ramos162@university.edu,Claudia,Ramos,CS103,F,4
cleo.fraiser585@university.edu,Cleo,Fraiser,CS106,F,9
clifford.holmes904@university.edu,Clifford,Holmes,CS105,F,56
clyde.morgret717@university.edu,Clyde,Morgret,CS108,F,45
clyde.snyder478@university.edu,Clyde,Snyder,CS109,F,32
colleen.priest142@university.edu,Colleen,Priest,CS103,F,12
connie.crumpton436@university.edu,Connie,Crumpton,CS107,F,57
connie.lord914@university.edu,Connie,Lord,CS105,D,60
connie.miller520@university.edu,Connie,Miller,CS101,D,62
constance.lockhart830@university.edu,Constance,Lockhart,CS101,F,57
corina.martorello738@university.edu,Corina,Martorello,CS109,F,31
cornell.rodriguez252@university.edu,Cornell,Rodriguez,CS103,F,16
cristina.wilkin582@university.edu,Cristina,Wilkin,CS103,F,14
curtis.mazzei569@university.edu,Curtis,Mazzei,CS110,A,90
cynthia.busch54@university.edu,Cynthia,Busch,CS105,F,29
cynthia.dyke936@university.edu,Cynthia,Dyke,CS107,F,35
cynthia.elias913@university.edu,Cynthia,Elias,CS104,F,35
cynthia.hughett739@university.edu,Cynthia,Hughett,CS110,F,42
cynthia.johnson510@university.edu,Cynthia,Johnson,CS101,F,30
cynthia.tillett220@university.edu,Cynthia,Tillett,CS101,B,81
daniel.diaz658@university.edu,Daniel,Diaz,CS109,A,91
daniel.peyatt189@university.edu,Daniel,Peyatt,CS110,F,21
daniel.rock863@university.edu,Daniel,Rock,CS104,A,99
danielle.jones62@university.edu,Danielle,Jones,CS103,C,78
danny.hammonds144@university.edu,Danny,Hammonds,CS105,F,47
darin.covarrubias788@university.edu,Darin,Covarrubias,CS109,B,87
darin.harden111@university.edu,Darin,Harden,CS102,F,32
darlene.holsomback347@university.edu,Darlene,Holsomback,CS108,F,49
darnell.thrash52@university.edu,Darnell,Thrash,CS103,F,37
darrell.hilker382@university.edu,Darrell,Hilker,CS103,C,79
david.britt995@university.edu,David,Britt,CS106,C,71
david.brown213@university.edu,David,Brown,CS104,A,97
david.francis339@university.edu,David,Francis,CS110,A,91
david.james228@university.edu,David,James,CS109,C,74
david.jordan149@university.edu,David,Jordan,CS110,F,0
david.lee415@university.edu,David,Lee,CS106,F,14
david.mcsherry96@university.edu,David,Mcsherry,CS107,D,62
david.members150@university.edu,David,Members,CS101,A,93
david.miller39@university.edu,David,Miller,CS110,A,96
david.mitchell135@university.edu,David,Mitchell,CS106,F,7
david.norman758@university.edu,David,Norman,CS109,F,56
david.potter515@university.edu,David,Potter,CS106,F,52
david.pringle713@university.edu,David,Pringle,CS104,F,23
david.richardson719@university.edu,David,Richardson,CS110,F,46
david.scherman237@university.edu,David,Scherman,CS108,F,35
david.schwartz528@university.edu,David,Schwartz,CS109,F,35
david.ziegler785@university.edu,David,Ziegler,CS106,F,23
dawn.jerman566@university.edu,Dawn,Jerman,CS107,F,34
debbie.washington766@university.edu,Debbie,Washington,CS107,A,91
deborah.grubbs676@university.edu,Deborah,Grubbs,CS107,C,74
deborah.niday467@university.edu,Deborah,Niday,CS108,F,44
debra.baker736@university.edu,Debra,Baker,CS107,B,84
debra.castro988@university.edu,Debra,Castro,CS109,C,74
debra.mendez344@university.edu,Debra,Mendez,CS105,F,43
debra.olson682@university.edu,Debra,Olson,CS103,A,99
delbert.holmes508@university.edu,Delbert,Holmes,CS109,C,73
delores.dennison512@university.edu,Delores,Dennison,CS103,A,99
delores.medrano630@university.edu,Delores,Medrano,CS101,F,38
delores.merritt9@university.edu,Delores,Merritt,CS110,F,18
deloris.pal414@university.edu,Deloris,Pal,CS105,F,23
dena.orr215@university.edu,Dena,Orr,CS106,F,56
dennis.custard801@university.edu,Dennis,Custard,CS102,D,61
derek.eland597@university.edu,Derek,Eland,CS108,F,25
derrick.wilkey850@university.edu,Derrick,Wilkey,CS101,F,39
diane.bloom5@university.edu,Diane,Bloom,CS106,D,61
diane.johnston605@university.edu,Diane,Johnston,CS106,D,60
diane.lopez31@university.edu,Diane,Lopez,CS102,B,89
diane.meservey115@university.edu,Diane,Meservey,CS106,B,83
diane.perez579@university.edu,Diane,Perez,CS110,F,22
diane.pickerel495@university.edu,Diane,Pickerel,CS106,F,58
dina.varela530@university.edu,Dina,Varela,CS101,D,65
dino.acosta857@university.edu,Dino,Acosta,CS108,B,82
dolly.parker842@university.edu,Dolly,Parker,CS103,C,73
donald.calcote44@university.edu,Donald,Calcote,CS105,F,29
donald.fisher667@university.edu,Donald,Fisher,CS108,F,56
donna.eckert68@university.edu,Donna,Eckert,CS109,F,58
donna.knobloch391@university.edu,Donna,Knobloch,CS102,F,25
donna.pennington179@university.edu,Donna,Pennington,CS110,F,37
donna.white663@university.edu,Donna,White,CS104,A,90
dora.hooper884@university.edu,Dora,Hooper,CS105,B,83
doris.saenz180@university.edu,Doris,Saenz,CS101,C,71
doris.shifflett633@university.edu,Doris,Shifflett,CS104,C,78
dorothy.dews491@university.edu,Dorothy,Dews,CS102,B,86
dorothy.jones917@university.edu,Dorothy,Jones,CS108,F,45
dorris.langford349@university.edu,Dorris,Langford,CS110,F,15
douglas.guzman164@university.edu,Douglas,Guzman,CS105,F,44
duane.ash552@university.edu,Duane,Ash,CS103,A,98
dwayne.cabada600@university.edu,Dwayne,Cabada,CS101,F,14
dwayne.gagne218@university.edu,Dwayne,Gagne,CS109,B,84
dylan.lamb242@university.edu,Dylan,Lamb,CS103,F,56
earle.hudecek130@university.edu,Earle,Hudecek,CS101,D,68
eddie.bowes933@university.edu,Eddie,Bowes,CS104,B,83
eddie.cruz2@university.edu,Eddie,Cruz,CS103,F,52
eddie.dunlow262@university.edu,Eddie,Dunlow,CS103,A,91
eddie.goodwin268@university.edu,Eddie,Goodwin,CS109,C,74
edith.eells712@university.edu,Edith,Eells,CS103,D,60
edith.giles754@university.edu,Edith,Giles,CS105,D,61
edna.barrett316@university.edu,Edna,Barrett,CS107,A,92
edna.martich412@university.edu,Edna,Martich,CS103,F,22
edna.richmond67@university.edu,Edna,Richmond,CS108,F,35
edward.bergstrom711@university.edu,Edward,Bergstrom,CS102,F,2
edward.carrion325@university.edu,Edward,Carrion,CS106,C,74
edward.jackson232@university.edu,Edward,Jackson,CS103,A,98
edward.moore30@university.edu,Edward,Moore,CS101,F,31
edward.myers106@university.edu,Edward,Myers,CS107,F,11
edward.pinkerton295@university.edu,Edward,Pinkerton,CS106,F,35
edwin.tong991@university.edu,Edwin,Tong,CS102,A,92
elaine.wilmot372@university.edu,Elaine,Wilmot,CS103,F,8
elizabeth.albertson956@university.edu,Elizabeth,Albertson,CS107,F,49
elizabeth.graney353@university.edu,Elizabeth,Graney,CS104,F,40
elizabeth.reid853@university.edu,Elizabeth,Reid,CS104,F,9
elizabeth.smith833@university.edu,Elizabeth,Smith,CS104,F,59
elizabeth.walling498@university.edu,Elizabeth,Walling,CS109,F,36
ella.johnson978@university.edu,Ella,Johnson,CS109,C,71
ella.lee722@university.edu,Ella,Lee,CS103,F,8
ella.rademacher511@university.edu,Ella,Rademacher,CS102,F,12
ella.tanaka94@university.edu,Ella,Tanaka,CS105,C,77
ellen.billings769@university.edu,Ellen,Billings,CS110,D,67
ellen.butt497@university.edu,Ellen,Butt,CS108,D,62
ellen.matthews879@university.edu,Ellen,Matthews,CS110,F,4
ellis.mccord980@university.edu,Ellis,Mccord,CS101,F,49
eloise.lipsky705@university.edu,Eloise,Lipsky,CS106,F,5
elwood.arthur576@university.edu,Elwood,Arthur,CS107,C,74
emma.rusin314@university.edu,Emma,Rusin,CS105,F,7
eric.davis457@university.edu,Eric,Davis,CS108,F,48
eric.ellis305@university.edu,Eric,Ellis,CS106,B,83
eric.grillo182@university.edu,Eric,Grillo,CS103,F,17
eric.mann912@university.edu,Eric,Mann,CS103,F,48
eric.martin198@university.edu,Eric,Martin,CS109,F,8
eric.perkins714@university.edu,Eric,Perkins,CS105,B,84
eric.quinones370@university.edu,Eric,Quinones,CS101,F,21
eric.tibolla60@university.edu,Eric,Tibolla,CS101,F,5
eric.vazquez902@university.edu,Eric,Vazquez,CS103,A,99
erica.mcilwain521@university.edu,Erica,Mcilwain,CS102,A,100
erick.correy168@university.edu,Erick,Correy,CS109,F,33
ericka.crosby616@university.edu,Ericka,Crosby,CS107,F,3
erin.hoskins4@university.edu,Erin,Hoskins,CS105,A,98
eugene.kimball298@university.edu,Eugene,Kimball,CS109,F,13
eugene.volante541@university.edu,Eugene,Volante,CS102,B,81
eunice.caskey259@university.edu,Eunice,Caskey,CS110,B,82
eva.kelly992@university.edu,Eva,Kelly,CS103,B,84
evangelina.sexton104@university.edu,Evangelina,Sexton,CS105,A,99
evelyn.edwards800@university.edu,Evelyn,Edwards,CS101,F,17
evelyn.lee444@university.edu,Evelyn,Lee,CS105,F,42
evelyn.wicker782@university.edu,Evelyn,Wicker,CS103,A,100
everett.taylor535@university.edu,Everett,Taylor,CS106,F,21
faith.argenbright286@university.edu,Faith,Argenbright,CS107,F,46
felix.johnson524@university.edu,Felix,Johnson,CS105,F,23
flora.wickings327@university.edu,Flora,Wickings,CS108,B,80
florence.humphrey329@university.edu,Florence,Humphrey,CS110,F,31
florence.perales40@university.edu,Florence,Perales,CS101,A,91
floyd.schultz993@university.edu,Floyd,Schultz,CS104,F,5
francine.steele496@university.edu,Francine,Steele,CS107,F,26
francis.butler595@university.edu,Francis,Butler,CS106,F,20
frank.block950@university.edu,Frank,Block,CS101,F,32
frank.heston878@university.edu,Frank,Heston,CS109,A,93
frank.otero424@university.edu,Frank,Otero,CS105,D,60
frank.richardson799@university.edu,Frank,Richardson,CS110,B,82
franklin.renfrow155@university.edu,Franklin,Renfrow,CS106,B,80
fred.ayers759@university.edu,Fred,Ayers,CS110,B,85
freda.dickey695@university.edu,Freda,Dickey,CS106,F,27
freda.williamson340@university.edu,Freda,Williamson,CS101,F,54
frieda.murphy698@university.edu,Frieda,Murphy,CS109,F,44
gabriel.mcbeth408@university.edu,Gabriel,Mcbeth,CS109,B,86
gary.desbiens306@university.edu,Gary,Desbiens,CS107,B,82
gary.kimball881@university.edu,Gary,Kimball,CS102,B,83
gary.kriese609@university.edu,Gary,Kriese,CS110,A,99
gary.mackey373@university.edu,Gary,Mackey,CS104,F,15
gary.pinto702@university.edu,Gary,Pinto,CS103,F,16
genevieve.stevens125@university.edu,Genevieve,Stevens,CS106,F,57
geoffrey.cuevas761@university.edu,Geoffrey,Cuevas,CS102,B,85
george.barrios607@university.edu,George,Barrios,CS108,F,1
george.bradley393@university.edu,George,Bradley,CS104,B,83
george.conner32@university.edu,George,Conner,CS103,A,97
george.crocker140@university.edu,George,Crocker,CS101,F,17
george.drabant23@university.edu,George,Drabant,CS104,F,11
george.elliott975@university.edu,George,Elliott,CS106,F,44
george.frazier204@university.edu,George,Frazier,CS105,A,94
george.koeller806@university.edu,George,Koeller,CS107,C,74
george.lowery601@university.edu,George,Lowery,CS102,F,3
george.maddrey701@university.edu,George,Maddrey,CS102,F,14
george.pacheco483@university.edu,George,Pacheco,CS104,F,1
gerald.olvera731@university.edu,Gerald,Olvera,CS102,F,3
gerald.walther84@university.edu,Gerald,Walther,CS105,F,36
gertrude.montgomery378@university.edu,Gertrude,Montgomery,CS109,D,65
gertrude.severin716@university.edu,Gertrude,Severin,CS107,F,52
gina.durfee42@university.edu,Gina,Durfee,CS103,D,67
glendora.blunt905@university.edu,Glendora,Blunt,CS106,F,45
glenn.aman455@university.edu,Glenn,Aman,CS106,B,86
glenn.collins519@university.edu,Glenn,Collins,CS110,F,9
glenn.pearce838@university.edu,Glenn,Pearce,CS109,F,36
gloria.allen441@university.edu,Gloria,Allen,CS102,B,89
gloria.kime331@university.edu,Gloria,Kime,CS102,B,82
gloria.mosher133@university.edu,Gloria,Mosher,CS104,F,5
grace.barnett146@university.edu,Grace,Barnett,CS107,F,36
grace.ferguson226@university.edu,Grace,Ferguson,CS107,F,54
grace.wright145@university.edu,Grace,Wright,CS106,F,43
greg.theiler957@university.edu,Greg,Theiler,CS108,B,86
gregory.batten963@university.edu,Gregory,Batten,CS104,F,16
gregory.petersen641@university.edu,Gregory,Petersen,CS102,F,4
gregory.prout934@university.edu,Gregory,Prout,CS105,F,55
gretchen.oconnor200@university.edu,Gretchen,Oconnor,CS101,F,23
guillermo.williams112@university.edu,Guillermo,Williams,CS103,F,56
harold.perez660@university.edu,Harold,Perez,CS101,A,93
harold.price790@university.edu,Harold,Price,CS101,F,5
harold.smith158@university.edu,Harold,Smith,CS109,D,64
harry.baldwin871@university.edu,Harry,Baldwin,CS102,A,95
harvey.mons276@university.edu,Harvey,Mons,CS107,C,72
heidi.corey699@university.edu,Heidi,Corey,CS110,A,98
heidi.kupchinsky132@university.edu,Heidi,Kupchinsky,CS103,F,18
helen.callahan87@university.edu,Helen,Callahan,CS108,F,51
helen.kahler684@university.edu,Helen,Kahler,CS105,F,9
helen.lopez741@university.edu,Helen,Lopez,CS102,F,43
helen.vannatta21@university.edu,Helen,Vannatta,CS102,F,43
homer.gary892@university.edu,Homer,Gary,CS103,F,45
hope.beller947@university.edu,Hope,Beller,CS108,A,96
howard.scully363@university.edu,Howard,Scully,CS104,F,5
hyun.boyda368@university.edu,Hyun,Boyda,CS109,F,32
ida.cholico745@university.edu,Ida,Cholico,CS106,A,95
ida.elliott126@university.edu,Ida,Elliott,CS107,F,57
ida.king275@university.edu,Ida,King,CS106,D,64
ida.miller558@university.edu,Ida,Miller,CS109,B,89
ila.hilton986@university.edu,Ila,Hilton,CS107,F,17
inez.arkell856@university.edu,Inez,Arkell,CS107,F,33
inge.smith429@university.edu,Inge,Smith,CS110,F,43
irene.puckett103@university.edu,Irene,Puckett,CS104,F,12
irene.stephens831@university.edu,Irene,Stephens,CS102,B,86
jack.bowlin829@university.edu,Jack,Bowlin,CS110,F,34
jacklyn.williams710@university.edu,Jacklyn,Williams,CS101,F,22
jacob.britton999@university.edu,Jacob,Britton,CS110,A,92
jacob.curtis940@university.edu,Jacob,Curtis,CS101,C,70
jacob.dees706@university.edu,Jacob,Dees,CS107,D,64
jake.lombardi573@university.edu,Jake,Lombardi,CS104,F,51
james.amador221@university.edu,James,Amador,CS102,F,58
james.battiste431@university.edu,James,Battiste,CS102,B,87
james.battle851@university.edu,James,Battle,CS102,F,45
james.cowan419@university.edu,James,Cowan,CS110,F,32
james.diaz247@university.edu,James,Diaz,CS108,F,40
james.dossey80@university.edu,James,Dossey,CS101,F,5
james.drayton885@university.edu,James,Drayton,CS106,F,19
james.fullerton186@university.edu,James,Fullerton,CS107,D,69
james.harris160@university.edu,James,Harris,CS101,D,69
james.hatley740@university.edu,James,Hatley,CS101,F,47
james.knepper73@university.edu,James,Knepper,CS104,F,3
james.nussbaum379@university.edu,James,Nussbaum,CS110,C,77
james.ortiz201@university.edu,James,Ortiz,CS102,C,72
james.owen545@university.edu,James,Owen,CS106,F,53
james.perry732@university.edu,James,Perry,CS103,F,18
james.smith139@university.edu,James,Smith,CS110,C,75
james.valenzuela411@university.edu,James,Valenzuela,CS102,F,26
james.willis269@university.edu,James,Willis,CS110,F,46
jamie.cancel584@university.edu,Jamie,Cancel,CS105,A,99
jane.creed562@university.edu,Jane,Creed,CS103,F,4
janet.elliott966@university.edu,Janet,Elliott,CS107,F,23
janet.oswalt811@university.edu,Janet,Oswalt,CS102,F,30
janet.richardson43@university.edu,Janet,Richardson,CS104,D,68
janice.rogers945@university.edu,Janice,Rogers,CS106,C,73
janice.viramontes624@university.edu,Janice,Viramontes,CS105,F,25
jared.marana108@university.edu,Jared,Marana,CS109,C,71
jared.werts687@university.edu,Jared,Werts,CS108,B,88
jason.collinsworth931@university.edu,Jason,Collinsworth,CS102,F,17
jason.duffy170@university.edu,Jason,Duffy,CS101,B,81
jason.gonzalez825@university.edu,Jason,Gonzalez,CS106,B,82
jason.mchaney29@university.edu,Jason,Mchaney,CS110,F,12
jason.watford810@university.edu,Jason,Watford,CS101,F,47
jason.williams250@university.edu,Jason,Williams,CS101,F,22
jay.oliver407@university.edu,Jay,Oliver,CS108,F,21
jean.fanning260@university.edu,Jean,Fanning,CS101,C,76
jean.robinson307@university.edu,Jean,Robinson,CS108,F,32
jeane.jackson166@university.edu,Jeane,Jackson,CS107,F,16
jeanette.simpson299@university.edu,Jeanette,Simpson,CS110,F,17
jeffery.murray434@university.edu,Jeffery,Murray,CS105,B,84
jeffrey.brown425@university.edu,Jeffrey,Brown,CS106,F,53
jeffrey.neaves990@university.edu,Jeffrey,Neaves,CS101,A,92
jeffry.orosco183@university.edu,Jeffry,Orosco,CS104,F,58
jenna.suggs369@university.edu,Jenna,Suggs,CS110,B,83
jennie.huizenga696@university.edu,Jennie,Huizenga,CS107,F,7
jennie.lenoir248@university.edu,Jennie,Lenoir,CS109,F,46
jennifer.watson928@university.edu,Jennifer,Watson,CS109,F,14
jeremy.anderson427@university.edu,Jeremy,Anderson,CS108,F,26
jeremy.bowen862@university.edu,Jeremy,Bowen,CS103,C,76
jeremy.culverhouse321@university.edu,Jeremy,Culverhouse,CS102,F,42
jeremy.heckert729@university.edu,Jeremy,Heckert,CS110,B,82
jeremy.sanchez313@university.edu,Jeremy,Sanchez,CS104,A,90
jerome.franty285@university.edu,Jerome,Franty,CS106,C,71
jerome.kecskes568@university.edu,Jerome,Kecskes,CS109,F,5
jerome.matta100@university.edu,Jerome,Matta,CS101,F,23
jerry.noyes8@university.edu,Jerry,Noyes,CS109,F,49
jerry.piazza767@university.edu,Jerry,Piazza,CS108,C,70
jerry.romo897@university.edu,Jerry,Romo,CS108,C,76
jesse.bonifacio617@university.edu,Jesse,Bonifacio,CS108,F,15
jessica.graham855@university.edu,Jessica,Graham,CS106,B,87
jessica.holt177@university.edu,Jessica,Holt,CS108,B,81
jessica.hunt72@university.edu,Jessica,Hunt,CS103,A,96
jessica.trasher636@university.edu,Jessica,Trasher,CS107,F,0
jessie.smith577@university.edu,Jessie,Smith,CS108,A,99
jesus.buckles672@university.edu,Jesus,Buckles,CS103,B,80
jesus.tapia323@university.edu,Jesus,Tapia,CS104,C,76
jesus.vance224@university.edu,Jesus,Vance,CS105,C,77
jettie.ung612@university.edu,Jettie,Ung,CS103,B,81
jill.bishop989@university.edu,Jill,Bishop,CS110,F,11
jimmy.brogan267@university.edu,Jimmy,Brogan,CS108,D,66
jo.kampman280@university.edu,Jo,Kampman,CS101,F,21
joan.brown448@university.edu,Joan,Brown,CS109,C,71
joan.guest423@university.edu,Joan,Guest,CS104,F,1
joan.rawlinson771@university.edu,Joan,Rawlinson,CS102,F,13
joan.solari628@university.edu,Joan,Solari,CS109,F,53
joanne.bergeron750@university.edu,Joanne,Bergeron,CS101,F,33
joanne.curry603@university.edu,Joanne,Curry,CS104,B,80
jodi.jones819@university.edu,Jodi,Jones,CS110,B,83
jodi.zielonka493@university.edu,Jodi,Zielonka,CS104,F,44
jody.thomas468@university.edu,Jody,Thomas,CS109,A,92
joe.haney53@university.edu,Joe,Haney,CS104,B,83
joe.hickey413@university.edu,Joe,Hickey,CS104,A,99
joe.smith394@university.edu,Joe,Smith,CS105,F,15
john.adams194@university.edu,John,Adams,CS105,A,95
john.barrett461@university.edu,John,Barrett,CS102,F,15
john.brown34@university.edu,John,Brown,CS105,F,27
john.chavez768@university.edu,John,Chavez,CS109,F,51
john.clark539@university.edu,John,Clark,CS110,A,95
john.dahl561@university.edu,John,Dahl,CS102,F,45
john.hardy416@university.edu,John,Hardy,CS107,A,96
john.jackson452@university.edu,John,Jackson,CS103,F,43
john.johnson77@university.edu,John,Johnson,CS108,F,7
john.kish549@university.edu,John,Kish,CS110,F,26
john.lowell751@university.edu,John,Lowell,CS102,F,19
john.manis688@university.edu,John,Manis,CS109,C,73
john.oliver346@university.edu,John,Oliver,CS107,B,81
john.oloughlin410@university.edu,John,Oloughlin,CS101,D,66
john.smith886@university.edu,John,Smith,CS107,B,81
john.wallis526@university.edu,John,Wallis,CS107,A,90
john.young274@university.edu,John,Young,CS105,F,58
johnie.thompson271@university.edu,Johnie,Thompson,CS102,A,90
jorge.viveiros48@university.edu,Jorge,Viveiros,CS109,F,22
jose.markham889@university.edu,Jose,Markham,CS110,F,59
joseph.brandt737@university.edu,Joseph,Brandt,CS108,F,36
joseph.byrd396@university.edu,Joseph,Byrd,CS107,B,85
joseph.collier143@university.edu,Joseph,Collier,CS104,F,20
joseph.griggs555@university.edu,Joseph,Griggs,CS106,C,74
joseph.hodnett432@university.edu,Joseph,Hodnett,CS103,D,66
joseph.newsome592@university.edu,Joseph,Newsome,CS103,F,18
joseph.neyhart405@university.edu,Joseph,Neyhart,CS106,F,7
joshua.petrin165@university.edu,Joshua,Petrin,CS106,C,77
joyce.strohmeyer465@university.edu,Joyce,Strohmeyer,CS106,F,34
juan.holscher184@university.edu,Juan,Holscher,CS105,C,77
juan.santiago970@university.edu,Juan,Santiago,CS101,F,24
juana.bowen611@university.edu,Juana,Bowen,CS102,A,96
juanita.chunn542@university.edu,Juanita,Chunn,CS103,C,78
judith.bealer119@university.edu,Judith,Bealer,CS110,F,22
judith.courter420@university.edu,Judith,Courter,CS101,B,89
judy.hunter543@university.edu,Judy,Hunter,CS104,F,33
judy.wilcox637@university.edu,Judy,Wilcox,CS108,F,15
julia.prieto129@university.edu,Julia,Prieto,CS110,D,63
julian.nadal401@university.edu,Julian,Nadal,CS102,F,49
julie.davis826@university.edu,Julie,Davis,CS107,A,96
julie.henry798@university.edu,Julie,Henry,CS109,A,97
justin.jamison804@university.edu,Justin,Jamison,CS105,A,96
kara.smith919@university.edu,Kara,Smith,CS110,A,98
karen.lance318@university.edu,Karen,Lance,CS109,F,35
karen.mysak655@university.edu,Karen,Mysak,CS106,A,93
karen.parish399@university.edu,Karen,Parish,CS110,C,77
karen.wilson795@university.edu,Karen,Wilson,CS106,D,66
karin.lynch870@university.edu,Karin,Lynch,CS101,F,49
karina.dame735@university.edu,Karina,Dame,CS106,F,54
katherine.hajek817@university.edu,Katherine,Hajek,CS108,F,12
kathryn.berry494@university.edu,Kathryn,Berry,CS105,F,45
kathy.ludgate288@university.edu,Kathy,Ludgate,CS109,F,28
kathy.mcwhirt883@university.edu,Kathy,Mcwhirt,CS104,F,5
kathy.selley377@university.edu,Kathy,Selley,CS108,F,39
kathy.sharp727@university.edu,Kathy,Sharp,CS108,F,22
katie.kay948@university.edu,Katie,Kay,CS109,F,47
kay.lafleur973@university.edu,Kay,Lafleur,CS104,B,87
kay.white315@university.edu,Kay,White,CS106,F,40
keith.daniel777@university.edu,Keith,Daniel,CS108,A,95
kelly.berardi225@university.edu,Kelly,Berardi,CS106,F,7
ken.swanston876@university.edu,Ken,Swanston,CS107,F,26
kendrick.gros686@university.edu,Kendrick,Gros,CS107,F,44
kenneth.jackson281@university.edu,Kenneth,Jackson,CS102,F,56
kenneth.mayer357@university.edu,Kenneth,Mayer,CS108,C,76
kenneth.parker503@university.edu,Kenneth,Parker,CS104,B,85
kevin.cole109@university.edu,Kevin,Cole,CS110,F,28
kim.worden509@university.edu,Kim,Worden,CS110,B,84
kimberly.clevenger841@university.edu,Kimberly,Clevenger,CS102,F,32
kimberly.freeman341@university.edu,Kimberly,Freeman,CS102,D,64
kimberly.goode446@university.edu,Kimberly,Goode,CS107,F,44
kimberly.nguyen760@university.edu,Kimberly,Nguyen,CS101,F,33
kimberly.nightingale937@university.edu,Kimberly,Nightingale,CS108,C,76
kimberly.scott757@university.edu,Kimberly,Scott,CS108,F,3
kirk.albaladejo517@university.edu,Kirk,Albaladejo,CS108,B,81
kris.murray661@university.edu,Kris,Murray,CS102,F,43
kristie.worthing196@university.edu,Kristie,Worthing,CS107,D,64
kristine.hall544@university.edu,Kristine,Hall,CS105,B,87
kristine.hill690@university.edu,Kristine,Hill,CS101,D,65
kurt.brinlee962@university.edu,Kurt,Brinlee,CS103,A,95
kyla.johnson320@university.edu,Kyla,Johnson,CS101,F,8
kyle.benitez390@university.edu,Kyle,Benitez,CS101,B,80
kyle.culbreath403@university.edu,Kyle,Culbreath,CS104,F,32
kyle.sartain915@university.edu,Kyle,Sartain,CS106,F,29
lacey.johnson442@university.edu,Lacey,Johnson,CS103,F,17
lacey.schexnayder214@university.edu,Lacey,Schexnayder,CS105,F,17
lanora.robinson979@university.edu,Lanora,Robinson,CS110,F,46
laree.thomas69@university.edu,Laree,Thomas,CS110,A,94
larry.baker888@university.edu,Larry,Baker,CS109,D,66
latoya.rogol654@university.edu,Latoya,Rogol,CS105,D,63
laura.orear994@university.edu,Laura,Orear,CS105,F,39
laura.robichaux153@university.edu,Laura,Robichaux,CS104,F,32
laura.shiro428@university.edu,Laura,Shiro,CS109,F,34
laurel.kirkland918@university.edu,Laurel,Kirkland,CS109,F,25
lauren.mcgrane675@university.edu,Lauren,Mcgrane,CS106,F,18
lawrence.arredondo487@university.edu,Lawrence,Arredondo,CS108,A,96
lawrence.lewis590@university.edu,Lawrence,Lewis,CS101,D,68
leanne.griffith627@university.edu,Leanne,Griffith,CS108,A,99
lee.tauber141@university.edu,Lee,Tauber,CS102,F,42
lenore.fisher564@university.edu,Lenore,Fisher,CS105,F,3
leo.camara202@university.edu,Leo,Camara,CS103,F,5
leroy.hughes673@university.edu,Leroy,Hughes,CS104,B,80
lesley.olmstead14@university.edu,Lesley,Olmstead,CS105,F,25
leslie.ross127@university.edu,Leslie,Ross,CS108,F,1
lillian.abdullah65@university.edu,Lillian,Abdullah,CS106,B,89
lilly.garner79@university.edu,Lilly,Garner,CS110,D,68
lin.davis559@university.edu,Lin,Davis,CS110,F,20
linda.abraham7@university.edu,Linda,Abraham,CS108,A,100
linda.adams755@university.edu,Linda,Adams,CS106,A,97
linda.barth195@university.edu,Linda,Barth,CS106,B,86
linda.frandsen618@university.edu,Linda,Frandsen,CS109,A,97
linda.ruiz942@university.edu,Linda,Ruiz,CS103,A,99
linda.williams236@university.edu,Linda,Williams,CS107,F,25
lindsay.kim270@university.edu,Lindsay,Kim,CS101,F,49
linsey.dec941@university.edu,Linsey,Dec,CS102,F,21
lisa.bentley38@university.edu,Lisa,Bentley,CS109,B,87
lisa.felix447@university.edu,Lisa,Felix,CS108,B,87
lisa.ganison91@university.edu,Lisa,Ganison,CS102,D,64
lisa.hetzel868@university.edu,Lisa,Hetzel,CS109,D,62
lloyd.clark861@university.edu,Lloyd,Clark,CS102,B,82
lora.guzman536@university.edu,Lora,Guzman,CS107,A,98
lora.pierce572@university.edu,Lora,Pierce,CS103,A,95
lori.kot694@university.edu,Lori,Kot,CS105,F,39
lori.kyles522@university.edu,Lori,Kyles,CS103,F,18
lorna.lehman302@university.edu,Lorna,Lehman,CS103,F,22
lorraine.lee290@university.edu,Lorraine,Lee,CS101,D,68
louis.kenney854@university.edu,Louis,Kenney,CS105,F,35
louis.ruiz762@university.edu,Louis,Ruiz,CS103,B,89
louis.wilson922@university.edu,Louis,Wilson,CS103,C,73
louise.howard385@university.edu,Louise,Howard,CS106,F,18
louise.hrabovsky926@university.edu,Louise,Hrabovsky,CS107,F,5
luis.bonner938@university.edu,Luis,Bonner,CS109,A,95
mable.huff470@university.edu,Mable,Huff,CS101,F,44
malia.stout872@university.edu,Malia,Stout,CS103,F,31
mamie.brunton152@university.edu,Mamie,Brunton,CS103,C,73
mamie.huffman728@university.edu,Mamie,Huffman,CS109,D,68
mara.brent693@university.edu,Mara,Brent,CS104,D,66
marc.kohl629@university.edu,Marc,Kohl,CS110,F,1
marcus.finwall593@university.edu,Marcus,Finwall,CS104,A,93
marcus.randall793@university.edu,Marcus,Randall,CS104,F,42
marcy.julian430@university.edu,Marcy,Julian,CS101,F,28
margaret.brown645@university.edu,Margaret,Brown,CS106,B,88
margaret.davis507@university.edu,Margaret,Davis,CS108,A,95
margaret.dibartolomeo746@university.edu,Margaret,Dibartolomeo,CS107,F,35
margaret.goff583@university.edu,Margaret,Goff,CS104,F,43
margaretta.hancock586@university.edu,Margaretta,Hancock,CS107,F,28
margie.leonard689@university.edu,Margie,Leonard,CS110,C,72
marguerite.gresham644@university.edu,Marguerite,Gresham,CS105,B,81
maria.batts599@university.edu,Maria,Batts,CS110,C,77
maria.bissett354@university.edu,Maria,Bissett,CS105,A,100
maria.lucia488@university.edu,Maria,Lucia,CS109,C,72
maria.morley824@university.edu,Maria,Morley,CS105,F,34
maria.smith402@university.edu,Maria,Smith,CS103,F,1
maria.wheeler317@university.edu,Maria,Wheeler,CS108,C,76
marie.alex639@university.edu,Marie,Alex,CS110,F,9
marilyn.bethea574@university.edu,Marilyn,Bethea,CS105,F,25
marilyn.kendall887@university.edu,Marilyn,Kendall,CS108,A,100
marilyn.rowan534@university.edu,Marilyn,Rowan,CS105,F,28
mario.burris338@university.edu,Mario,Burris,CS109,B,84
mario.nasser222@university.edu,Mario,Nasser,CS103,F,30
marjorie.marlor865@university.edu,Marjorie,Marlor,CS106,F,57
mark.alford843@university.edu,Mark,Alford,CS104,F,13
mark.beck19@university.edu,Mark,Beck,CS110,C,73
mark.smith386@university.edu,Mark,Smith,CS107,A,92
marla.barnes954@university.edu,Marla,Barnes,CS105,B,80
marry.wilson384@university.edu,Marry,Wilson,CS105,A,98
marth.arvizu364@university.edu,Marth,Arvizu,CS105,F,42
martha.cox159@university.edu,Martha,Cox,CS110,F,50
martha.felix724@university.edu,Martha,Felix,CS105,D,66
martin.gallo310@university.edu,Martin,Gallo,CS101,F,16
marvin.diaz451@university.edu,Marvin,Diaz,CS102,F,44
mary.davie718@university.edu,Mary,Davie,CS109,F,57
mary.davis604@university.edu,Mary,Davis,CS105,C,72
mary.ferguson570@university.edu,Mary,Ferguson,CS101,F,10
mary.gaskin816@university.edu,Mary,Gaskin,CS107,B,83
mary.gomez283@university.edu,Mary,Gomez,CS104,F,40
mary.green388@university.edu,Mary,Green,CS109,F,53
mary.maeda756@university.edu,Mary,Maeda,CS107,B,81
mary.minelli172@university.edu,Mary,Minelli,CS103,F,39
mary.riggs75@university.edu,Mary,Riggs,CS106,F,18
mary.rutledge964@university.edu,Mary,Rutledge,CS105,B,82
mary.talton765@university.edu,Mary,Talton,CS106,F,1
mary.vance330@university.edu,Mary,Vance,CS101,A,98
matt.lamar409@university.edu,Matt,Lamar,CS110,F,56
matthew.ayers131@university.edu,Matthew,Ayers,CS102,F,21
matthew.cortez118@university.edu,Matthew,Cortez,CS109,D,68
matthew.romero257@university.edu,Matthew,Romero,CS108,F,31
matthew.sinclaire24@university.edu,Matthew,Sinclaire,CS105,A,93
matthew.turnipseed742@university.edu,Matthew,Turnipseed,CS103,B,88
melaine.mcneil981@university.edu,Melaine,Mcneil,CS102,F,9
melba.carrizales238@university.edu,Melba,Carrizales,CS109,F,1
melissa.washington623@university.edu,Melissa,Washington,CS104,F,35
merna.hill814@university.edu,Merna,Hill,CS105,F,33
mi.oliver311@university.edu,Mi,Oliver,CS102,F,17
michael.allen279@university.edu,Michael,Allen,CS110,F,57
michael.bibbins287@university.edu,Michael,Bibbins,CS108,F,34
michael.brown322@university.edu,Michael,Brown,CS103,D,66
michael.bush486@university.edu,Michael,Bush,CS107,F,2
michael.hutchinson647@university.edu,Michael,Hutchinson,CS108,F,36
michael.jennings359@university.edu,Michael,Jennings,CS110,F,49
michael.jones481@university.edu,Michael,Jones,CS102,F,1
michael.mccain85@university.edu,Michael,Mccain,CS106,F,7
michael.mitchell683@university.edu,Michael,Mitchell,CS104,A,96
michael.moreno613@university.edu,Michael,Moreno,CS104,C,75
michael.peebles708@university.edu,Michael,Peebles,CS109,A,91
michael.robinson376@university.edu,Michael,Robinson,CS107,B,88
michael.whitlock653@university.edu,Michael,Whitlock,CS104,F,57
michele.mccullough57@university.edu,Michele,Mccullough,CS108,F,44
michele.scott996@university.edu,Michele,Scott,CS107,F,38
michelle.stark319@university.edu,Michelle,Stark,CS110,F,56
mike.bauer203@university.edu,Mike,Bauer,CS104,C,75
mike.reilly666@university.edu,Mike,Reilly,CS107,A,94
mildred.roman649@university.edu,Mildred,Roman,CS110,F,27
milton.doughty527@university.edu,Milton,Doughty,CS108,F,19
minh.hester692@university.edu,Minh,Hester,CS103,B,83
mitchell.gilson622@university.edu,Mitchell,Gilson,CS103,F,21
mitchell.thompson426@university.edu,Mitchell,Thompson,CS107,F,7
mitzi.lagnese480@university.edu,Mitzi,Lagnese,CS101,F,26
monica.krueger253@university.edu,Monica,Krueger,CS104,F,37
monique.moskowitz744@university.edu,Monique,Moskowitz,CS105,F,56
monte.peters721@university.edu,Monte,Peters,CS102,F,4
nancey.etheridge518@university.edu,Nancey,Etheridge,CS109,A,99
nancy.snyder960@university.edu,Nancy,Snyder,CS101,B,85
natalie.obregon167@university.edu,Natalie,Obregon,CS108,F,21
nathan.dyches70@university.edu,Nathan,Dyches,CS101,A,99
nathan.luft223@university.edu,Nathan,Luft,CS104,F,39
nathan.newson157@university.edu,Nathan,Newson,CS108,F,13
neil.deleon929@university.edu,Neil,Deleon,CS110,F,58
new_student@csu.edu,John,Doe,CS101,B,89
nicole.malone997@university.edu,Nicole,Malone,CS108,A,98
nilsa.freeman36@university.edu,Nilsa,Freeman,CS107,F,2
nina.carney807@university.edu,Nina,Carney,CS108,F,27
norma.berry516@university.edu,Norma,Berry,CS107,B,82
nu.ross784@university.edu,Nu,Ross,CS105,F,34
oswaldo.corrado560@university.edu,Oswaldo,Corrado,CS101,A,92
otis.alfaro932@university.edu,Otis,Alfaro,CS103,F,18
owen.wells873@university.edu,Owen,Wells,CS104,F,55
pamela.buckingham882@university.edu,Pamela,Buckingham,CS103,B,87
pamela.crabb903@university.edu,Pamela,Crabb,CS104,C,72
pamela.yeiser959@university.edu,Pamela,Yeiser,CS110,F,38
patricia.hermans484@university.edu,Patricia,Hermans,CS105,F,40
patricia.james529@university.edu,Patricia,James,CS110,A,90
patricia.kingsley358@university.edu,Patricia,Kingsley,CS109,F,28
patricia.slaughter361@university.edu,Patricia,Slaughter,CS102,C,71
patricia.spinney25@university.edu,Patricia,Spinney,CS106,B,88
patrick.borkowski563@university.edu,Patrick,Borkowski,CS104,F,57
patsy.sandoval122@university.edu,Patsy,Sandoval,CS103,F,15
paul.bulson134@university.edu,Paul,Bulson,CS105,F,39
paul.caruso264@university.edu,Paul,Caruso,CS105,F,5
paul.koval571@university.edu,Paul,Koval,CS102,A,93
paul.pasillas499@university.edu,Paul,Pasillas,CS110,A,97
paul.robotham61@university.edu,Paul,Robotham,CS102,F,47
paula.cutler580@university.edu,Paula,Cutler,CS101,B,87
peggy.brewer352@university.edu,Peggy,Brewer,CS103,C,76
penny.garcia205@university.edu,Penny,Garcia,CS106,F,41
peter.kinder309@university.edu,Peter,Kinder,CS110,D,65
peter.parks764@university.edu,Peter,Parks,CS105,F,46
phil.hernandez154@university.edu,Phil,Hernandez,CS105,F,20
philip.barnard332@university.edu,Philip,Barnard,CS103,B,89
phylis.eplin726@university.edu,Phylis,Eplin,CS107,F,14
phyllis.gottfried475@university.edu,Phyllis,Gottfried,CS106,A,100
phyllis.sterling47@university.edu,Phyllis,Sterling,CS108,F,51
pierre.king138@university.edu,Pierre,King,CS109,F,18
portia.germann151@university.edu,Portia,Germann,CS102,F,27
queen.vallarta371@university.edu,Queen,Vallarta,CS102,F,41
rachael.guevara76@university.edu,Rachael,Guevara,CS107,F,38
rachel.christensen462@university.edu,Rachel,Christensen,CS103,F,56
rachel.powers342@university.edu,Rachel,Powers,CS103,F,28
rachel.strohschein71@university.edu,Rachel,Strohschein,CS102,D,62
rafael.wray662@university.edu,Rafael,Wray,CS103,C,71
ralph.cohen209@university.edu,Ralph,Cohen,CS110,B,84
ralph.rose808@university.edu,Ralph,Rose,CS109,F,15
ramon.jacques743@university.edu,Ramon,Jacques,CS104,F,38
randall.jackson245@university.edu,Randall,Jackson,CS106,F,52
randall.pagan28@university.edu,Randall,Pagan,CS109,F,42
randolph.smith877@university.edu,Randolph,Smith,CS108,A,100
randy.castle102@university.edu,Randy,Castle,CS103,C,71
raquel.linke137@university.edu,Raquel,Linke,CS108,F,0
ray.burns651@university.edu,Ray,Burns,CS102,D,66
ray.middleton946@university.edu,Ray,Middleton,CS107,F,46
ray.young907@university.edu,Ray,Young,CS108,F,13
reba.haddock642@university.edu,Reba,Haddock,CS103,D,69
reba.rhoades392@university.edu,Reba,Rhoades,CS103,F,35
rebecca.gimenez10@university.edu,Rebecca,Gimenez,CS101,B,82
rebecca.hernandez383@university.edu,Rebecca,Hernandez,CS104,F,50
rebekah.ramer901@university.edu,Rebekah,Ramer,CS102,D,66
reiko.brenner400@university.edu,Reiko,Brenner,CS101,C,76
rena.hardin844@university.edu,Rena,Hardin,CS105,B,84
renee.roper772@university.edu,Renee,Roper,CS103,F,35
rhonda.hawn464@university.edu,Rhonda,Hawn,CS105,F,21
rhonda.strickland789@university.edu,Rhonda,Strickland,CS110,A,95
ricardo.casey0@university.edu,Ricardo,Casey,CS101,F,1
richard.binkley547@university.edu,Richard,Binkley,CS108,A,100
richard.closson822@university.edu,Richard,Closson,CS103,F,24
richard.coffee787@university.edu,Richard,Coffee,CS108,F,57
richard.crandell674@university.edu,Richard,Crandell,CS105,F,22
richard.fredrick473@university.edu,Richard,Fredrick,CS104,D,60
richard.gonzalez466@university.edu,Richard,Gonzalez,CS107,C,74
richard.hazel335@university.edu,Richard,Hazel,CS106,F,24
richard.merritt659@university.edu,Richard,Merritt,CS110,A,98
richard.nelson773@university.edu,Richard,Nelson,CS104,F,58
richard.redner33@university.edu,Richard,Redner,CS104,F,4
richard.rodger875@university.edu,Richard,Rodger,CS106,F,37
richard.shipe256@university.edu,Richard,Shipe,CS107,C,72
richard.taylor680@university.edu,Richard,Taylor,CS101,F,27
richard.thomas188@university.edu,Richard,Thomas,CS109,F,45
richard.white626@university.edu,Richard,White,CS107,F,15
richard.williams301@university.edu,Richard,Williams,CS102,C,70
richard.williams458@university.edu,Richard,Williams,CS109,C,73
rick.santana587@university.edu,Rick,Santana,CS108,A,97
rita.gehrke896@university.edu,Rita,Gehrke,CS107,F,48
rita.sanchez554@university.edu,Rita,Sanchez,CS105,B,87
robert.babino631@university.edu,Robert,Babino,CS102,F,54
robert.bowman625@university.edu,Robert,Bowman,CS106,F,13
robert.camp219@university.edu,Robert,Camp,CS110,F,3
robert.carreno951@university.edu,Robert,Carreno,CS102,F,56
robert.chadwick860@university.edu,Robert,Chadwick,CS101,B,87
robert.cook22@university.edu,Robert,Cook,CS103,C,71
robert.cox575@university.edu,Robert,Cox,CS106,F,53
robert.gower748@university.edu,Robert,Gower,CS109,F,7
robert.guyer779@university.edu,Robert,Guyer,CS110,C,77
robert.hurley66@university.edu,Robert,Hurley,CS107,F,54
robert.ku300@university.edu,Robert,Ku,CS101,F,22
robert.lebron343@university.edu,Robert,Lebron,CS104,A,99
robert.marshall965@university.edu,Robert,Marshall,CS106,F,57
robert.myers845@university.edu,Robert,Myers,CS106,F,0
robert.nardella18@university.edu,Robert,Nardella,CS109,F,55
robert.palmer809@university.edu,Robert,Palmer,CS110,F,43
robert.pullon216@university.edu,Robert,Pullon,CS107,A,96
robert.roberts16@university.edu,Robert,Roberts,CS107,F,53
robert.rosenthal459@university.edu,Robert,Rosenthal,CS110,F,0
robert.stoops107@university.edu,Robert,Stoops,CS108,F,37
robert.white770@university.edu,Robert,White,CS101,D,60
robin.corona500@university.edu,Robin,Corona,CS101,F,48
robin.robinson55@university.edu,Robin,Robinson,CS106,A,93
roderick.smith356@university.edu,Roderick,Smith,CS107,A,97
roderick.weingard381@university.edu,Roderick,Weingard,CS102,C,73
rodney.low972@university.edu,Rodney,Low,CS103,F,47
rodney.martinez350@university.edu,Rodney,Martinez,CS101,F,0
rodrick.hill45@university.edu,Rodrick,Hill,CS106,F,0
rogelio.metzger211@university.edu,Rogelio,Metzger,CS102,A,92
roger.behling482@university.edu,Roger,Behling,CS103,D,65
roger.burnett985@university.edu,Roger,Burnett,CS106,F,0
roger.keys489@university.edu,Roger,Keys,CS110,D,62
roland.regis217@university.edu,Roland,Regis,CS108,F,25
ron.albright175@university.edu,Ron,Albright,CS106,F,35
ronald.davis114@university.edu,Ronald,Davis,CS105,F,52
ronald.micciche894@university.edu,Ronald,Micciche,CS105,A,100
ronald.richards602@university.edu,Ronald,Richards,CS103,F,25
ronnie.travelstead479@university.edu,Ronnie,Travelstead,CS110,F,46
ronny.sumpter105@university.edu,Ronny,Sumpter,CS106,F,46
rosa.grisham380@university.edu,Rosa,Grisham,CS101,F,53
rosa.moon83@university.edu,Rosa,Moon,CS104,F,58
rosalva.uecker90@university.edu,Rosalva,Uecker,CS101,F,50
rosemary.stewart952@university.edu,Rosemary,Stewart,CS103,F,6
ross.baker668@university.edu,Ross,Baker,CS109,F,40
ruben.davis874@university.edu,Ruben,Davis,CS105,F,43
rubin.turner895@university.edu,Rubin,Turner,CS106,A,91
ruby.boyd181@university.edu,Ruby,Boyd,CS102,A,92
ruby.mctiernan502@university.edu,Ruby,Mctiernan,CS103,B,84
russell.harkavy15@university.edu,Russell,Harkavy,CS106,F,40
ruth.hudson249@university.edu,Ruth,Hudson,CS110,B,80
ruth.johnson97@university.edu,Ruth,Johnson,CS108,F,27
ruth.mcannally206@university.edu,Ruth,Mcannally,CS107,C,73
ruthie.roberts98@university.edu,Ruthie,Roberts,CS109,F,48
ryan.neu551@university.edu,Ryan,Neu,CS102,F,20
salvador.koehler983@university.edu,Salvador,Koehler,CS104,A,99
salvatore.berryman839@university.edu,Salvatore,Berryman,CS110,F,43
salvatore.wright59@university.edu,Salvatore,Wright,CS110,F,53
sam.coles943@university.edu,Sam,Coles,CS104,F,47
samual.mccall326@university.edu,Samual,Mccall,CS107,F,45
sandra.hernandez293@university.edu,Sandra,Hernandez,CS104,C,73
sandra.mcdaniels1@university.edu,Sandra,Mcdaniels,CS102,C,71
sandra.newton404@university.edu,Sandra,Newton,CS105,F,44
sandra.paul588@university.edu,Sandra,Paul,CS109,F,59
sandra.sharpton272@university.edu,Sandra,Sharpton,CS103,B,87
sandra.stella472@university.edu,Sandra,Stella,CS103,F,45
sara.baer797@university.edu,Sara,Baer,CS108,F,39
sara.cunningham92@university.edu,Sara,Cunningham,CS103,F,37
sarah.bernal471@university.edu,Sarah,Bernal,CS102,F,42
sarah.boyd197@university.edu,Sarah,Boyd,CS108,C,71
sarah.fish848@university.edu,Sarah,Fish,CS109,D,66
sarah.holloway608@university.edu,Sarah,Holloway,CS109,C,74
scott.allen504@university.edu,Scott,Allen,CS105,A,92
scott.perry191@university.edu,Scott,Perry,CS102,F,5
scott.tindell775@university.edu,Scott,Tindell,CS106,F,12
sean.garcia89@university.edu,Sean,Garcia,CS110,A,97
sean.ross263@university.edu,Sean,Ross,CS104,F,7
sean.trujillo550@university.edu,Sean,Trujillo,CS101,C,78
shane.martinez796@university.edu,Shane,Martinez,CS107,F,36
shannon.wallace556@university.edu,Shannon,Wallace,CS107,C,70
sharon.harmon949@university.edu,Sharon,Harmon,CS110,F,32
sharon.rodriguez460@university.edu,Sharon,Rodriguez,CS101,B,87
shawn.castro174@university.edu,Shawn,Castro,CS105,F,2
shayne.campbell128@university.edu,Shayne,Campbell,CS109,D,68
sheila.fischer56@university.edu,Sheila,Fischer,CS107,F,22
shelby.lopez41@university.edu,Shelby,Lopez,CS102,F,51
sheree.koran148@university.edu,Sheree,Koran,CS109,A,98
shirlene.martinez927@university.edu,Shirlene,Martinez,CS108,F,37
shirley.mercer13@university.edu,Shirley,Mercer,CS104,F,2
shirley.nadeau635@university.edu,Shirley,Nadeau,CS106,B,86
shoshana.hewitt474@university.edu,Shoshana,Hewitt,CS105,F,5
shu.espinoza282@university.edu,Shu,Espinoza,CS103,F,40
shu.smith255@university.edu,Shu,Smith,CS106,F,49
silvia.calcote837@university.edu,Silvia,Calcote,CS108,A,92
stephan.dunneback176@university.edu,Stephan,Dunneback,CS107,A,98
stephanie.bolinger192@university.edu,Stephanie,Bolinger,CS103,F,53
stephanie.gutierrez440@university.edu,Stephanie,Gutierrez,CS101,F,26
stephanie.jacobs725@university.edu,Stephanie,Jacobs,CS106,F,1
stephanie.nickolas664@university.edu,Stephanie,Nickolas,CS105,A,94
stephanie.wollschlager93@university.edu,Stephanie,Wollschlager,CS104,C,78
stephen.hamm606@university.edu,Stephen,Hamm,CS107,F,52
stephen.honeywell650@university.edu,Stephen,Honeywell,CS101,A,97
stephen.sanchez967@university.edu,Stephen,Sanchez,CS108,C,70
steve.delgado538@university.edu,Steve,Delgado,CS109,C,74
steve.graham449@university.edu,Steve,Graham,CS110,D,68
steve.hart362@university.edu,Steve,Hart,CS103,F,9
steve.neely212@university.edu,Steve,Neely,CS103,F,20
steven.gott453@university.edu,Steven,Gott,CS104,F,9
steven.horkey598@university.edu,Steven,Horkey,CS109,C,71
steven.jefferson231@university.edu,Steven,Jefferson,CS102,F,39
steven.ritter869@university.edu,Steven,Ritter,CS110,A,90
steven.spence11@university.edu,Steven,Spence,CS102,F,17
susan.davis27@university.edu,Susan,Davis,CS108,F,50
susan.hall619@university.edu,Susan,Hall,CS110,F,9
susan.holloway78@university.edu,Susan,Holloway,CS109,F,22
sybil.stewart443@university.edu,Sybil,Stewart,CS104,D,60
sylvester.martin916@university.edu,Sylvester,Martin,CS107,F,12
sylvia.cadle681@university.edu,Sylvia,Cadle,CS102,F,19
sylvia.fretwell828@university.edu,Sylvia,Fretwell,CS109,F,36
sylvia.ladieu193@university.edu,Sylvia,Ladieu,CS104,D,60
tamara.sanchez935@university.edu,Tamara,Sanchez,CS106,B,85
tamera.albaugh50@university.edu,Tamera,Albaugh,CS101,F,29
tammy.cook847@university.edu,Tammy,Cook,CS108,F,37
tara.freudenstein185@university.edu,Tara,Freudenstein,CS106,D,63
tatyana.moreno485@university.edu,Tatyana,Moreno,CS106,A,92
ted.haddock492@university.edu,Ted,Haddock,CS103,F,17
terrell.longo665@university.edu,Terrell,Longo,CS106,B,84
terri.oakman136@university.edu,Terri,Oakman,CS107,F,37
terry.markell113@university.edu,Terry,Markell,CS104,D,63
terry.marson596@university.edu,Terry,Marson,CS107,F,40
terry.neal284@university.edu,Terry,Neal,CS105,F,50
theresa.aleman818@university.edu,Theresa,Aleman,CS109,F,55
thomas.bossey303@university.edu,Thomas,Bossey,CS104,F,16
thomas.bradford233@university.edu,Thomas,Bradford,CS104,D,66
thomas.brossard161@university.edu,Thomas,Brossard,CS102,C,74
thomas.irwin823@university.edu,Thomas,Irwin,CS104,F,54
thomas.severtson351@university.edu,Thomas,Severtson,CS102,A,99
tia.lemay397@university.edu,Tia,Lemay,CS108,D,62
tiffany.field920@university.edu,Tiffany,Field,CS101,F,41
tiffany.macfarlane820@university.edu,Tiffany,Macfarlane,CS101,F,33
timothy.chapman37@university.edu,Timothy,Chapman,CS108,C,74
timothy.duncan791@university.edu,Timothy,Duncan,CS102,F,36
timothy.stine891@university.edu,Timothy,Stine,CS102,D,67
tina.barrett296@university.edu,Tina,Barrett,CS107,D,69
toby.dockery652@university.edu,Toby,Dockery,CS103,B,82
todd.martin417@university.edu,Todd,Martin,CS108,F,44
todd.toombs17@university.edu,Todd,Toombs,CS108,F,41
tommy.jones632@university.edu,Tommy,Jones,CS103,D,65
tommy.perkins614@university.edu,Tommy,Perkins,CS105,A,96
tony.rodino277@university.edu,Tony,Rodino,CS108,F,5
tonya.arnette171@university.edu,Tonya,Arnette,CS102,F,14
tonya.fossum679@university.edu,Tonya,Fossum,CS110,F,31
tonya.schwass110@university.edu,Tonya,Schwass,CS101,F,13
tracy.hynes921@university.edu,Tracy,Hynes,CS102,C,70
tracy.johnson776@university.edu,Tracy,Johnson,CS107,F,6
travis.brackman229@university.edu,Travis,Brackman,CS110,F,20
tyrone.lee774@university.edu,Tyrone,Lee,CS105,D,66
tyrone.pro525@university.edu,Tyrone,Pro,CS106,A,91
valerie.mims437@university.edu,Valerie,Mims,CS108,A,91
vanessa.kenyon345@university.edu,Vanessa,Kenyon,CS106,F,55
vanessa.ramirez880@university.edu,Vanessa,Ramirez,CS101,F,16
vera.davis953@university.edu,Vera,Davis,CS104,C,73
vernon.hatten234@university.edu,Vernon,Hatten,CS105,D,60
vernon.wheeler289@university.edu,Vernon,Wheeler,CS110,F,14
vernon.white333@university.edu,Vernon,White,CS104,F,44
vickie.greer254@university.edu,Vickie,Greer,CS105,F,42
victor.dodge337@university.edu,Victor,Dodge,CS108,D,65
victor.kessler439@university.edu,Victor,Kessler,CS110,A,98
victor.knapp240@university.edu,Victor,Knapp,CS101,F,9
victor.thrash783@university.edu,Victor,Thrash,CS104,F,6
victoria.bowlin864@university.edu,Victoria,Bowlin,CS105,D,61
vince.jones709@university.edu,Vince,Jones,CS110,D,66
vincent.kennedy199@university.edu,Vincent,Kennedy,CS110,F,15
viola.mccarthy656@university.edu,Viola,Mccarthy,CS107,B,87
virginia.childs958@university.edu,Virginia,Childs,CS109,F,16
virginia.elliott939@university.edu,Virginia,Elliott,CS110,B,82
virginia.moffett308@university.edu,Virginia,Moffett,CS109,B,81
vivian.christian621@university.edu,Vivian,Christian,CS102,F,3
walter.courtemanche581@university.edu,Walter,Courtemanche,CS102,D,68
walter.krause657@university.edu,Walter,Krause,CS108,F,23
walter.salsman304@university.edu,Walter,Salsman,CS105,F,21
wanda.hoffman669@university.edu,Wanda,Hoffman,CS110,F,37
warren.gable859@university.edu,Warren,Gable,CS110,F,5
wayne.madison634@university.edu,Wayne,Madison,CS105,F,45
wayne.wehrle638@university.edu,Wayne,Wehrle,CS109,F,14
wendy.crank95@university.edu,Wendy,Crank,CS106,A,94
willard.warner578@university.edu,Willard,Warner,CS109,C,74
william.brinkman898@university.edu,William,Brinkman,CS109,F,14
william.chugg906@university.edu,William,Chugg,CS107,C,74
william.courser147@university.edu,William,Courser,CS108,F,7
william.cullen961@university.edu,William,Cullen,CS102,C,72
william.fletcher909@university.edu,William,Fletcher,CS110,F,1
william.frederick235@university.edu,William,Frederick,CS106,F,30
william.garcia852@university.edu,William,Garcia,CS103,F,32
william.hinkle387@university.edu,William,Hinkle,CS108,D,65
william.kline6@university.edu,William,Kline,CS107,A,94
william.lancaster297@university.edu,William,Lancaster,CS108,A,91
william.linney374@university.edu,William,Linney,CS105,A,100
william.moore456@university.edu,William,Moore,CS107,F,48
william.morse753@university.edu,William,Morse,CS104,B,82
william.murphy227@university.edu,William,Murphy,CS108,F,37
william.owens450@university.edu,William,Owens,CS101,D,63
william.pares58@university.edu,William,Pares,CS109,F,14
william.penn747@university.edu,William,Penn,CS108,F,16
william.race505@university.edu,William,Race,CS106,F,1
william.raether899@university.edu,William,Raether,CS110,C,76
william.schroder418@university.edu,William,Schroder,CS109,F,32
william.smith366@university.edu,William,Smith,CS107,F,31
william.swindle982@university.edu,William,Swindle,CS103,F,40
william.warner890@university.edu,William,Warner,CS101,F,57
william.wiggins821@university.edu,William,Wiggins,CS102,F,37
william.wilson781@university.edu,William,Wilson,CS102,D,60
william.wright670@university.edu,William,Wright,CS101,F,2
willian.haro334@university.edu,Willian,Haro,CS105,B,88
willie.crump265@university.edu,Willie,Crump,CS106,F,26
winford.day395@university.edu,Winford,Day,CS106,F,11
yvette.gagnon169@university.edu,Yvette,Gagnon,CS110,A,97
yvonne.martin703@university.edu,Yvonne,Martin,CS104,F,21
yvonne.salley930@university.edu,Yvonne,Salley,CS101,A,94
zachary.tetreault723@university.edu,Zachary,Tetreault,CS104,D,61
